filename,caption
photos/1542efb1-e1df-4dec-b85d-12beb2a6d25d.jpg,""
photos/6172a17d-25e3-4a9e-8818-728505ab69f7.jpg,""
photos/86f5f3b8-fe10-4b81-93c2-44834fcbb0d9.jpg,""
photos/e61cd0a4-792a-4003-86bf-4e35e7609b67.jpg,""
photos/a1e1843a-77ef-4b19-86be-786853806d00.jpg,""
photos/a07eac56-c6c1-4bb0-a693-621a05f42201.jpg,""
photos/8f4124cf-f2a2-4a02-84e5-22c1350e8126.jpg,""
photos/4a425e74-8b70-43a7-a604-ae6f7f431dd5.jpg,""
photos/26600e77-f5cc-44d7-84c0-9e1582316cb3.jpg,""
photos/eceb213c-453f-4d3b-980b-2d768ee5115e.jpg,""
photos/0e462105-4f2e-47bc-b7a0-0c3f7476d04e.jpg,""
photos/3d25f507-510b-4751-9367-cc082c927eaf.jpg,""
photos/16d824e4-70bf-4458-8d57-dfbf7c82fb37.jpg,""
photos/e86bed9e-f263-49c0-8eaf-6891dbc98caa.jpg,""
