date,type,id
2017-06-24 15:41:55,Activity,1051772076
2017-07-20 11:46:20,Activity,1091278336
2017-08-08 11:31:07,Activity,1121190383
2017-08-08 11:31:14,Activity,1121679919
2017-08-31 12:30:18,Activity,1159814094
2017-08-31 12:30:21,Activity,1161226471
2017-08-31 12:30:25,Activity,1159038154
2017-09-03 21:29:12,Activity,1164667628
2017-09-03 21:29:15,Activity,1166260851
2017-09-16 01:33:10,Activity,1183623070
2017-09-21 11:47:45,Activity,1193000887
2017-09-21 11:47:49,Activity,1194180699
2017-09-21 11:47:52,Activity,1192920111
2017-09-24 12:56:05,Activity,1198041723
2017-09-29 22:21:26,Activity,1207174958
2017-12-04 20:34:38,Activity,1301079607
2017-12-04 20:35:16,Activity,1300992653
2017-12-23 13:41:26,Activity,1321870527
2018-01-01 02:17:38,Activity,1334514634
2018-01-01 02:17:48,Activity,1331673710
2018-01-01 02:18:01,Activity,1335370141
2018-01-29 23:01:41,Activity,1379775740
2018-02-16 10:03:26,Activity,1409678022
2018-02-19 10:47:05,Activity,1415187728
2018-02-19 10:47:15,Activity,1411485269
2018-03-09 13:44:27,Activity,1443580843
2018-03-12 16:02:20,Activity,1447236173
2018-03-18 14:19:57,Activity,1457247623
2018-03-18 14:20:30,Activity,1456654956
2018-03-23 13:03:23,Activity,1466594793
2018-03-25 09:40:24,Activity,1468524892
2018-03-30 16:11:13,Activity,1478950780
2018-04-03 16:19:59,Activity,1481286960
2018-04-05 23:14:16,Activity,1491720952
2018-04-15 01:49:02,Activity,1507738902
2018-04-24 17:10:56,Activity,1529107217
2018-04-29 13:16:59,Activity,1536740841
2018-05-07 21:00:55,Activity,1555807408
2018-05-07 21:01:04,Activity,1550801914
2018-05-11 23:57:34,Activity,1564455186
2018-05-13 20:07:02,Activity,1569463520
2018-05-28 17:18:30,Activity,1598143650
2018-05-28 23:46:26,Activity,1602406395
2018-06-11 14:35:53,Activity,1629480145
2018-06-18 21:18:26,Activity,1645413158
2018-06-24 20:58:10,Activity,1657720026
2018-06-24 20:59:44,Activity,1656559128
2018-07-01 23:23:42,Activity,1674581222
2018-07-02 21:05:07,Activity,1675951934
2018-07-04 23:25:27,Activity,1680909546
2018-07-05 23:41:17,Activity,1682620616
2018-07-10 23:45:29,Activity,1690981339
2018-07-11 11:50:28,Activity,1694591848
2018-07-11 11:50:31,Activity,1694007226
2018-07-12 11:55:24,Activity,1696243524
2018-07-24 12:08:08,Activity,1720203573
2018-07-31 01:02:12,Activity,1736270024
2018-07-31 01:02:31,Activity,1735259055
2018-08-09 21:13:45,Activity,1761428297
2018-08-13 11:59:19,Activity,1766507784
2018-08-13 11:59:51,Activity,1767340759
2018-10-23 12:06:38,Activity,1921245160
2018-10-23 12:07:11,Activity,1916779753
2018-10-28 00:50:59,Activity,1930539069
2018-10-28 01:27:59,Activity,1931047395
2018-10-29 14:21:40,Activity,1933135216
2018-10-31 00:37:43,Activity,1935773356
2018-10-31 00:37:51,Activity,1935550154
2018-11-06 22:15:36,Activity,1946592987
2018-11-10 22:02:56,Activity,1957114792
2018-12-01 23:21:52,Activity,1995070474
2018-12-07 20:59:49,Activity,2005066296
